{"stats":{"minecraft:killed":{"minecraft:cave_spider":3,"minecraft:spider":2,"born_in_chaos_v1:baby_skeleton_minion":8,"born_in_chaos_v1:maggot":1,"minecraft:skeleton":3,"alexsmobs:blue_jay":1,"minecraft:chicken":3,"alexsmobs:bison":5,"born_in_chaos_v1:corpse_fish":3,"born_in_chaos_v1:supreme_bonescaller_stage_2":1,"born_in_chaos_v1:firelight_not_despawn":1,"born_in_chaos_v1:diamond_termite":1,"born_in_chaos_v1:bone_imp_minion":10,"minecraft:creeper":1,"minecraft:zombie":7,"born_in_chaos_v1:dread_hound":1,"born_in_chaos_v1:corpse_fly":1,"born_in_chaos_v1:dark_vortex":1,"minecraft:stray":6,"minecraft:cow":2},"minecraft:crafted":{"minecraft:cherry_planks":4,"minecraft:oak_planks":8,"minecraft:furnace":1,"minecraft:iron_boots":1,"minecraft:stone_pickaxe":1,"minecraft:spruce_boat":2,"quark:spruce_chest":2,"minecraft:dark_oak_planks":4,"minecraft:cooked_beef":34,"minecraft:crafting_table":5,"minecraft:spruce_planks":48,"minecraft:wooden_pickaxe":1,"minecraft:iron_helmet":1,"minecraft:iron_sword":2,"minecraft:bucket":1,"minecraft:bread":18,"minecraft:air":0,"biomesoplenty:fir_planks":44,"minecraft:oak_boat":1,"minecraft:iron_chestplate":1,"minecraft:shield":2,"minecraft:iron_pickaxe":1,"minecraft:stick":12,"minecraft:iron_ingot":34,"minecraft:iron_leggings":1,"minecraft:white_bed":1,"minecraft:torch":36,"minecraft:shears":1},"minecraft:custom":{"minecraft:mob_kills":63,"minecraft:interact_with_crafting_table":47,"minecraft:open_barrel":19,"minecraft:damage_dealt_resisted":2375,"minecraft:leave_game":8,"minecraft:time_since_death":45868,"minecraft:climb_one_cm":148,"minecraft:sprint_one_cm":458990,"minecraft:walk_one_cm":517153,"minecraft:damage_blocked_by_shield":2315,"minecraft:drop":138,"minecraft:play_time":187998,"minecraft:deaths":3,"minecraft:sneak_time":1738,"minecraft:walk_under_water_one_cm":45358,"minecraft:jump":4194,"minecraft:interact_with_brewingstand":1,"minecraft:walk_on_water_one_cm":85797,"minecraft:total_world_time":187998,"minecraft:interact_with_furnace":17,"minecraft:time_since_rest":45959,"minecraft:damage_taken":4628,"minecraft:damage_absorbed":78,"minecraft:damage_dealt":11026,"minecraft:fly_one_cm":983500,"minecraft:swim_one_cm":193210,"minecraft:open_chest":62,"minecraft:crouch_one_cm":4767,"minecraft:interact_with_smoker":1,"minecraft:fall_one_cm":115467,"minecraft:horse_one_cm":340},"minecraft:killed_by":{"born_in_chaos_v1:bone_imp_minion":1,"minecraft:cave_spider":1,"born_in_chaos_v1:corpse_fish":1},"minecraft:broken":{"minecraft:iron_boots":1,"minecraft:golden_axe":1,"minecraft:iron_sword":1},"minecraft:mined":{"minecraft:tuff":3,"minecraft:spruce_planks":1,"minecraft:cherry_log":2,"minecraft:dark_oak_log":1,"born_in_chaos_v1:infected_diamond_ore":1,"minecraft:glow_lichen":1,"minecraft:grass_block":13,"minecraft:kelp":1,"minecraft:spawner":7,"minecraft:redstone_ore":1,"minecraft:furnace":2,"immersive_weathering:mossy_stone":1,"minecraft:iron_ore":19,"minecraft:stripped_spruce_log":2,"minecraft:deepslate_iron_ore":8,"minecraft:packed_ice":1,"minecraft:stone":67,"minecraft:iron_block":2,"minecraft:deepslate_redstone_ore":4,"minecraft:glass_pane":2,"immersive_weathering:icicle":3,"minecraft:powder_snow":45,"minecraft:torch":4,"minecraft:crafting_table":4,"biomesoplenty:fir_planks":9,"spelunkers_charm:dead_grass":1,"minecraft:cobblestone":1,"spelunkers_charm:rock_pile_2":2,"minecraft:tall_grass":2,"minecraft:wall_torch":4,"minecraft:spruce_stairs":1,"minecraft:chain":3,"minecraft:ice":2,"minecraft:wheat":32,"minecraft:spruce_log":12,"minecraft:stone_brick_stairs":3,"biomesoplenty:fir_log":10,"minecraft:grass":10,"biomesoplenty:clover":2,"minecraft:coal_ore":107,"minecraft:oak_log":2,"biomesoplenty:fir_leaves":2,"minecraft:gravel":1,"minecraft:sand":4,"minecraft:dirt":3,"biomesoplenty:stringy_cobweb":1,"minecraft:cracked_stone_bricks":2,"minecraft:stone_bricks":1,"minecraft:deepslate":11,"minecraft:fern":1},"minecraft:used":{"minecraft:spruce_planks":17,"minecraft:shield":80,"minecraft:iron_sword":296,"minecraft:iron_chestplate":2,"minecraft:torch":33,"minecraft:dirt":12,"minecraft:spruce_stairs":1,"minecraft:chainmail_chestplate":2,"minecraft:carrot":5,"minecraft:stripped_spruce_log":2,"minecraft:spruce_boat":5,"quark:spruce_chest":2,"minecraft:iron_helmet":1,"minecraft:furnace":3,"minecraft:cooked_beef":34,"minecraft:cobbled_deepslate":11,"minecraft:golden_axe":24,"minecraft:water_bucket":1,"minecraft:stone_pickaxe":54,"minecraft:wooden_pickaxe":28,"biomesoplenty:fir_boat":6,"minecraft:cherry_planks":4,"biomesoplenty:fir_planks":30,"minecraft:golden_apple":2,"minecraft:glow_berries":4,"minecraft:mossy_cobblestone":1,"minecraft:crafting_table":8,"minecraft:white_bed":1,"minecraft:bread":24,"minecraft:map":1,"minecraft:string":1,"minecraft:iron_pickaxe":178,"minecraft:coal_block":3,"minecraft:cobblestone":41,"born_in_chaos_v1:rotten_fish":1,"minecraft:chainmail_boots":1,"minecraft:bucket":2,"minecraft:oak_boat":1,"alexsmobs:animal_dictionary":3,"minecraft:golden_pickaxe":2},"minecraft:dropped":{"minecraft:iron_ingot":37,"minecraft:iron_sword":1,"minecraft:wheat_seeds":3,"minecraft:copper_block":13,"minecraft:crafting_table":2,"minecraft:cobblestone":13,"minecraft:book":1,"alexsmobs:bison_fur":7,"minecraft:coal_block":7,"minecraft:emerald":1,"minecraft:dirt":1,"born_in_chaos_v1:gnawed_bones":1,"immersive_weathering:dark_oak_bark":3,"minecraft:iron_leggings":2,"minecraft:chain":3,"minecraft:gold_nugget":5,"minecraft:bone_block":9,"minecraft:iron_pickaxe":1,"minecraft:string":4,"minecraft:bucket":1,"minecraft:gold_ingot":3,"minecraft:bone":2,"minecraft:gravel":2,"minecraft:stone_axe":1,"minecraft:sweet_berries":1,"minecraft:iron_nugget":14,"born_in_chaos_v1:fire_dust":2,"alexsmobs:animal_dictionary":1,"born_in_chaos_v1:rotten_fish":5,"born_in_chaos_v1:ethereal_spirit":1,"minecraft:raw_iron":1,"minecraft:rotten_flesh":5,"minecraft:smoker":2,"minecraft:iron_boots":3,"biomesoplenty:white_petals":13,"alexsmobs:cachalot_whale_tooth":1,"minecraft:chainmail_chestplate":1,"minecraft:filled_map":1,"minecraft:potato":9,"minecraft:tipped_arrow":1,"biomesoplenty:fir_planks":9,"minecraft:gunpowder":3,"minecraft:spruce_planks":4,"minecraft:iron_chestplate":2,"born_in_chaos_v1:corpse_maggot":2,"minecraft:spider_eye":1,"minecraft:arrow":4,"born_in_chaos_v1:dark_rod":1},"minecraft:picked_up":{"born_in_chaos_v1:diamond_termite_shard":1,"minecraft:charcoal":6,"minecraft:crafting_table":5,"minecraft:iron_chestplate":7,"minecraft:wheat":97,"minecraft:chainmail_boots":1,"minecraft:chicken":9,"born_in_chaos_v1:seedof_chaos":2,"minecraft:golden_pickaxe":2,"minecraft:wooden_pickaxe":2,"minecraft:stone_brick_stairs":3,"minecraft:chain":4,"minecraft:shield":1,"minecraft:string":11,"minecraft:iron_leggings":5,"minecraft:gold_nugget":5,"minecraft:cobbled_deepslate":11,"biomesoplenty:fir_planks":38,"minecraft:bucket":4,"minecraft:spruce_planks":4,"minecraft:beef":54,"born_in_chaos_v1:gnawed_bones":1,"minecraft:iron_nugget":13,"minecraft:iron_pickaxe":6,"minecraft:coal_block":31,"minecraft:iron_boots":5,"minecraft:furnace":11,"minecraft:tipped_arrow":2,"minecraft:stick":24,"minecraft:raw_iron":30,"minecraft:torch":7,"minecraft:spruce_stairs":1,"minecraft:golden_axe":2,"minecraft:cherry_log":1,"minecraft:redstone":21,"minecraft:arrow":30,"minecraft:rotten_flesh":22,"minecraft:iron_block":3,"biomesoplenty:white_petals":19,"minecraft:gold_ingot":8,"minecraft:white_wool":3,"minecraft:bone_block":9,"minecraft:cobblestone":65,"born_in_chaos_v1:corpse_maggot":3,"minecraft:air":0,"minecraft:cooked_beef":18,"minecraft:leather":6,"minecraft:copper_block":26,"minecraft:potato":6,"minecraft:smoker":6,"minecraft:filled_map":2,"biomesoplenty:fir_log":11,"alexsmobs:bison_fur":14,"paraglider:spirit_orb":32,"alexsmobs:cachalot_whale_tooth":1,"minecraft:tuff":3,"minecraft:oak_log":2,"minecraft:gunpowder":7,"minecraft:dirt":13,"minecraft:paper":6,"minecraft:bone":4,"minecraft:kelp":1,"minecraft:wheat_seeds":65,"biomesoplenty:fir_boat":6,"minecraft:iron_ingot":130,"minecraft:stone_pickaxe":2,"minecraft:iron_sword":3,"born_in_chaos_v1:orbofthe_summoner":1,"born_in_chaos_v1:ethereal_spirit":1,"minecraft:gravel":3,"born_in_chaos_v1:dark_rod":4,"minecraft:stripped_spruce_log":2,"minecraft:dark_oak_log":1,"minecraft:spruce_log":12,"minecraft:spider_eye":2,"immersive_weathering:dark_oak_bark":3,"alexsmobs:animal_dictionary":3,"minecraft:mossy_cobblestone":1,"born_in_chaos_v1:fire_dust":2,"minecraft:spruce_boat":4,"minecraft:stone_axe":1,"minecraft:iron_helmet":1,"minecraft:golden_apple":1,"minecraft:bread":3,"minecraft:emerald":11,"born_in_chaos_v1:rotten_fish":11,"spelunkers_charm:rock":16,"minecraft:coal":330,"minecraft:ender_pearl":3}},"DataVersion":3465}