{"stats":{"minecraft:broken":{"minecraft:wooden_pickaxe":1,"minecraft:stone_pickaxe":2,"minecraft:iron_axe":1,"minecraft:stone_axe":1,"minecraft:iron_pickaxe":1,"minecraft:wooden_axe":1,"minecraft:stone_shovel":1},"minecraft:killed":{"alexsmobs:lobster":1,"minecraft:cave_spider":1,"alexsmobs:raccoon":2,"minecraft:spider":3,"born_in_chaos_v1:siamese_skeletonsright":1,"born_in_chaos_v1:maggot":1,"naturalist:snail":1,"minecraft:skeleton":6,"naturalist:deer":1,"alexsmobs:bison":2,"born_in_chaos_v1:corpse_fish":1,"born_in_chaos_v1:fallen_chaos_knight":1,"born_in_chaos_v1:bonescaller":1,"minecraft:pig":2,"born_in_chaos_v1:diamond_termite":1,"minecraft:salmon":3,"born_in_chaos_v1:decrepit_skeleton":1,"minecraft:sheep":3,"alexsmobs:cockroach":2,"minecraft:zombie":7,"born_in_chaos_v1:corpse_fly":1,"born_in_chaos_v1:dark_vortex":1,"born_in_chaos_v1:door_knight":1,"minecraft:cow":8},"minecraft:killed_by":{"born_in_chaos_v1:nightmare_stalker":1,"alexsmobs:bison":2,"minecraft:drowned":1,"born_in_chaos_v1:diamond_termite":1,"born_in_chaos_v1:corpse_fish":2},"minecraft:dropped":{"minecraft:iron_sword":1,"minecraft:wheat_seeds":3,"biomesoplenty:fir_sapling":2,"minecraft:dirt":5,"immersive_weathering:permafrost":28,"minecraft:string":1,"minecraft:bone":2,"minecraft:gravel":1,"biomesoplenty:toadstool":22,"minecraft:iron_nugget":2,"biomesoplenty:white_petals":16,"biomesoplenty:fir_planks":1,"alexsmobs:cockroach_wing_fragment":2,"minecraft:wooden_pickaxe":2},"minecraft:mined":{"minecraft:diamond_ore":2,"minecraft:tuff":6,"minecraft:mossy_cobblestone":1,"minecraft:deepslate_diamond_ore":18,"minecraft:mossy_stone_brick_slab":1,"immersive_weathering:grassy_permafrost":31,"born_in_chaos_v1:infected_diamond_ore":2,"minecraft:cave_vines_plant":4,"minecraft:grass_block":13,"minecraft:decorated_pot":1,"biomesoplenty:white_petals":3,"minecraft:moss_block":15,"minecraft:spawner":1,"blue_skies:frostbright_bookshelf":2,"minecraft:magma_block":1,"minecraft:furnace":6,"biomesoplenty:toadstool":10,"immersive_weathering:mossy_stone":3,"minecraft:iron_ore":73,"minecraft:cobbled_deepslate":18,"minecraft:pumpkin":2,"minecraft:cave_vines":2,"minecraft:deepslate_iron_ore":12,"minecraft:oak_stairs":3,"biomesoplenty:webbing":1,"minecraft:packed_ice":1,"immersive_weathering:ivy":1,"minecraft:stone":305,"minecraft:deepslate_redstone_ore":13,"minecraft:smoker":5,"minecraft:powder_snow":65,"minecraft:crafting_table":10,"biomesoplenty:fir_planks":6,"spelunkers_charm:dead_grass":3,"minecraft:tall_grass":25,"minecraft:copper_ore":43,"minecraft:cobblestone":13,"spelunkers_charm:deepslate_geyser":1,"minecraft:deepslate_coal_ore":2,"minecraft:deepslate_gold_ore":10,"minecraft:oak_planks":61,"minecraft:sugar_cane":4,"minecraft:blue_bed":1,"supplementaries:urn":6,"minecraft:seagrass":1,"minecraft:sweet_berry_bush":2,"minecraft:ice":1,"biomesoplenty:fir_log":90,"minecraft:grass":34,"minecraft:coal_ore":188,"minecraft:oak_log":40,"biomesoplenty:fir_leaves":39,"minecraft:gravel":126,"minecraft:sand":15,"minecraft:dirt":22,"biomesoplenty:stringy_cobweb":2,"minecraft:smooth_basalt":6,"minecraft:stone_bricks":1,"minecraft:gold_ore":6,"minecraft:oak_leaves":2,"minecraft:deepslate":112,"minecraft:fern":5},"minecraft:crafted":{"minecraft:oak_planks":152,"minecraft:stone_shovel":1,"minecraft:furnace":5,"minecraft:bone_meal":81,"born_in_chaos_v1:smoked_monster_flesh":1,"minecraft:cooked_mutton":3,"minecraft:iron_boots":2,"minecraft:iron_axe":1,"minecraft:ladder":56,"minecraft:stone_pickaxe":3,"minecraft:copper_block":13,"minecraft:cooked_beef":17,"minecraft:coal_block":10,"minecraft:bone_block":9,"minecraft:wooden_shovel":1,"biomesoplenty:fir_boat":3,"minecraft:cooked_porkchop":3,"minecraft:crafting_table":7,"minecraft:iron_helmet":1,"minecraft:wooden_pickaxe":2,"minecraft:cooked_salmon":3,"minecraft:copper_ingot":119,"minecraft:bucket":1,"minecraft:stone_axe":3,"minecraft:bread":1,"minecraft:air":0,"biomesoplenty:fir_planks":80,"minecraft:oak_boat":1,"minecraft:iron_chestplate":2,"minecraft:charcoal":6,"minecraft:shield":2,"minecraft:stick":140,"minecraft:iron_ingot":72,"minecraft:iron_pickaxe":3,"minecraft:wooden_axe":1,"minecraft:iron_leggings":1,"minecraft:gold_ingot":3,"minecraft:torch":84,"minecraft:shears":1},"minecraft:custom":{"minecraft:interact_with_anvil":1,"minecraft:mob_kills":57,"minecraft:interact_with_crafting_table":58,"minecraft:open_barrel":2,"minecraft:interact_with_campfire":1,"minecraft:damage_dealt_resisted":1000,"minecraft:leave_game":4,"minecraft:time_since_death":44565,"minecraft:climb_one_cm":13920,"minecraft:sprint_one_cm":598666,"minecraft:walk_one_cm":727692,"minecraft:damage_blocked_by_shield":250,"minecraft:drop":22,"minecraft:talked_to_villager":4,"minecraft:sneak_time":7606,"minecraft:play_time":250284,"minecraft:deaths":9,"minecraft:walk_under_water_one_cm":92594,"minecraft:boat_one_cm":6168,"minecraft:jump":4176,"minecraft:walk_on_water_one_cm":94975,"minecraft:total_world_time":250284,"minecraft:interact_with_furnace":124,"minecraft:sleep_in_bed":2,"minecraft:time_since_rest":45249,"minecraft:damage_taken":2853,"minecraft:damage_dealt":8838,"minecraft:swim_one_cm":62476,"minecraft:fly_one_cm":416579,"minecraft:open_chest":39,"minecraft:crouch_one_cm":17053,"minecraft:interact_with_smoker":19,"minecraft:fall_one_cm":59536},"minecraft:used":{"minecraft:beetroot":8,"minecraft:moss_block":3,"minecraft:stone_shovel":115,"minecraft:ladder":13,"minecraft:shield":10,"minecraft:iron_sword":80,"minecraft:cooked_salmon":3,"minecraft:mossy_stone_brick_slab":1,"minecraft:torch":60,"minecraft:dirt":22,"naturalist:venison":2,"minecraft:tuff":1,"born_in_chaos_v1:corpse_maggot":2,"minecraft:wooden_axe":60,"minecraft:oak_stairs":3,"minecraft:iron_axe":135,"minecraft:smooth_basalt":2,"minecraft:sweet_berries":12,"minecraft:furnace":9,"minecraft:egg":1,"minecraft:cooked_beef":4,"minecraft:cobbled_deepslate":108,"minecraft:pumpkin":2,"minecraft:cooked_mutton":1,"minecraft:oak_planks":61,"minecraft:stone_pickaxe":330,"minecraft:wooden_pickaxe":81,"biomesoplenty:fir_boat":3,"biomesoplenty:fir_planks":25,"minecraft:glow_berries":22,"minecraft:mossy_cobblestone":3,"minecraft:sand":6,"minecraft:crafting_table":15,"minecraft:smoker":3,"minecraft:apple":5,"minecraft:bread":5,"minecraft:iron_pickaxe":536,"born_in_chaos_v1:smoked_monster_flesh":1,"minecraft:gravel":57,"biomesoplenty:toadstool":2,"minecraft:stone_axe":222,"minecraft:cobblestone":206,"minecraft:oak_boat":2},"minecraft:picked_up":{"minecraft:charcoal":12,"minecraft:iron_chestplate":2,"minecraft:crafting_table":13,"born_in_chaos_v1:diamond_termite_shard":1,"minecraft:ladder":49,"naturalist:venison":4,"born_in_chaos_v1:seedof_chaos":2,"minecraft:wooden_pickaxe":1,"minecraft:oak_stairs":3,"minecraft:shield":1,"minecraft:string":9,"minecraft:raw_copper":171,"minecraft:iron_axe":1,"minecraft:iron_leggings":2,"minecraft:beetroot":7,"minecraft:gold_nugget":15,"minecraft:cobbled_deepslate":129,"biomesoplenty:fir_planks":19,"minecraft:bucket":2,"minecraft:beef":39,"minecraft:oak_boat":2,"minecraft:iron_pickaxe":2,"minecraft:iron_nugget":8,"alexsmobs:raccoon_tail":1,"minecraft:coal_block":10,"minecraft:sugar_cane":12,"minecraft:egg":1,"minecraft:furnace":9,"minecraft:iron_boots":2,"minecraft:stick":13,"minecraft:raw_iron":86,"minecraft:copper_ingot":2,"minecraft:oak_fence":1,"minecraft:torch":72,"minecraft:porkchop":3,"born_in_chaos_v1:pileof_dark_metal":2,"born_in_chaos_v1:pieceofdarkmetal":1,"minecraft:redstone":55,"immersive_weathering:permafrost":42,"minecraft:arrow":10,"minecraft:rotten_flesh":21,"minecraft:decorated_pot":1,"minecraft:shears":2,"biomesoplenty:white_petals":19,"supplementaries:ash":1,"minecraft:glow_berries":5,"minecraft:mutton":4,"minecraft:bone_block":18,"minecraft:white_wool":4,"minecraft:cobblestone":377,"born_in_chaos_v1:fused_bone":1,"born_in_chaos_v1:corpse_maggot":3,"born_in_chaos_v1:monster_flesh":1,"born_in_chaos_v1:spiritual_dust":6,"minecraft:salmon":3,"minecraft:leather":6,"minecraft:copper_block":26,"minecraft:smoker":9,"alexsmobs:bison_fur":3,"biomesoplenty:fir_sapling":5,"biomesoplenty:fir_log":88,"paraglider:spirit_orb":2,"minecraft:flint":9,"minecraft:tuff":6,"minecraft:oak_log":38,"minecraft:gunpowder":9,"minecraft:blue_bed":2,"minecraft:dirt":33,"minecraft:cooked_mutton":1,"minecraft:bone":37,"minecraft:stone_bricks":1,"minecraft:wheat_seeds":11,"biomesoplenty:fir_boat":2,"minecraft:raw_gold":22,"alexsmobs:cockroach_wing_fragment":3,"minecraft:stone_pickaxe":1,"minecraft:iron_ingot":35,"minecraft:moss_block":14,"minecraft:oak_planks":111,"minecraft:iron_sword":2,"immersive_weathering:tallow":5,"minecraft:book":7,"biomesoplenty:toadstool":54,"minecraft:smooth_basalt":4,"minecraft:pumpkin":2,"minecraft:sweet_berries":10,"minecraft:gravel":117,"minecraft:sand":29,"born_in_chaos_v1:dark_rod":3,"minecraft:mossy_stone_brick_slab":1,"alexsmobs:animal_dictionary":2,"minecraft:spider_eye":1,"minecraft:mossy_cobblestone":4,"naturalist:antler":2,"minecraft:slime_ball":1,"minecraft:deepslate":1,"minecraft:diamond":22,"minecraft:stone_axe":3,"minecraft:iron_helmet":1,"minecraft:emerald":15,"minecraft:bread":2,"born_in_chaos_v1:rotten_fish":3,"spelunkers_charm:rock":2,"minecraft:coal":191}},"DataVersion":3465}