{"stats":{"minecraft:broken":{"minecraft:wooden_pickaxe":1,"minecraft:stone_pickaxe":4,"minecraft:iron_axe":1,"minecraft:stone_axe":2,"minecraft:iron_pickaxe":1,"minecraft:wooden_axe":1,"minecraft:stone_shovel":1},"minecraft:killed":{"alexsmobs:lobster":1,"minecraft:cave_spider":1,"alexsmobs:raccoon":2,"minecraft:spider":6,"born_in_chaos_v1:siamese_skeletonsright":1,"born_in_chaos_v1:maggot":1,"naturalist:snail":1,"minecraft:skeleton":7,"naturalist:deer":1,"alexsmobs:bison":2,"born_in_chaos_v1:corpse_fish":1,"born_in_chaos_v1:fallen_chaos_knight":1,"born_in_chaos_v1:bonescaller":1,"minecraft:pig":2,"born_in_chaos_v1:diamond_termite":1,"born_in_chaos_v1:baby_skeleton":1,"minecraft:salmon":3,"alexsmobs:seal":2,"born_in_chaos_v1:decrepit_skeleton":1,"minecraft:sheep":3,"alexsmobs:cockroach":2,"minecraft:zombie":11,"born_in_chaos_v1:corpse_fly":1,"born_in_chaos_v1:dark_vortex":1,"born_in_chaos_v1:door_knight":1,"minecraft:cow":8},"minecraft:killed_by":{"born_in_chaos_v1:nightmare_stalker":1,"minecraft:creeper":1,"alexsmobs:bison":2,"minecraft:drowned":1,"born_in_chaos_v1:diamond_termite":1,"minecraft:witch":1,"born_in_chaos_v1:corpse_fish":2},"minecraft:dropped":{"minecraft:iron_sword":1,"minecraft:wheat_seeds":3,"biomesoplenty:fir_sapling":2,"minecraft:dirt":5,"immersive_weathering:permafrost":28,"minecraft:string":1,"minecraft:bone":2,"minecraft:gravel":1,"biomesoplenty:toadstool":22,"minecraft:iron_nugget":2,"biomesoplenty:white_petals":16,"biomesoplenty:fir_planks":1,"alexsmobs:cockroach_wing_fragment":2,"minecraft:wooden_pickaxe":2},"minecraft:mined":{"minecraft:diamond_ore":2,"minecraft:tuff":6,"minecraft:mossy_cobblestone":1,"minecraft:deepslate_diamond_ore":18,"minecraft:mossy_stone_brick_slab":1,"immersive_weathering:grassy_permafrost":31,"born_in_chaos_v1:infected_diamond_ore":2,"minecraft:cave_vines_plant":8,"minecraft:grass_block":13,"minecraft:decorated_pot":1,"biomesoplenty:white_petals":3,"minecraft:moss_block":20,"quark:jasper":1,"minecraft:spawner":1,"blue_skies:frostbright_bookshelf":2,"minecraft:magma_block":1,"minecraft:furnace":9,"biomesoplenty:toadstool":10,"immersive_weathering:mossy_stone":3,"minecraft:iron_ore":115,"minecraft:cobbled_deepslate":18,"spelunkers_charm:deepslate_rock_pile_2":2,"minecraft:pumpkin":2,"minecraft:vine":1,"minecraft:cave_vines":4,"minecraft:deepslate_iron_ore":12,"minecraft:oak_stairs":3,"biomesoplenty:webbing":1,"minecraft:packed_ice":1,"immersive_weathering:ivy":1,"minecraft:stone":377,"minecraft:deepslate_redstone_ore":13,"minecraft:smoker":5,"minecraft:powder_snow":65,"minecraft:torch":1,"minecraft:crafting_table":11,"biomesoplenty:fir_planks":6,"spelunkers_charm:dead_grass":4,"minecraft:chest":2,"minecraft:tall_grass":25,"minecraft:copper_ore":57,"minecraft:cobblestone":14,"spelunkers_charm:deepslate_geyser":1,"minecraft:deepslate_coal_ore":2,"minecraft:deepslate_gold_ore":12,"minecraft:oak_planks":61,"minecraft:sugar_cane":4,"minecraft:blue_bed":1,"supplementaries:urn":13,"minecraft:seagrass":1,"spelunkers_charm:deepslate_rock_pile_3":1,"minecraft:sweet_berry_bush":2,"minecraft:ice":1,"biomesoplenty:fir_log":90,"minecraft:grass":35,"minecraft:coal_ore":269,"minecraft:oak_log":40,"biomesoplenty:fir_leaves":39,"minecraft:gravel":127,"minecraft:sand":24,"minecraft:dirt":24,"biomesoplenty:stringy_cobweb":2,"minecraft:smooth_basalt":7,"minecraft:stone_bricks":1,"minecraft:gold_ore":6,"minecraft:oak_leaves":2,"minecraft:deepslate":112,"minecraft:fern":5},"minecraft:crafted":{"minecraft:oak_planks":152,"minecraft:stone_shovel":1,"minecraft:furnace":8,"minecraft:bone_meal":81,"born_in_chaos_v1:smoked_monster_flesh":1,"minecraft:cooked_mutton":3,"minecraft:iron_boots":2,"minecraft:iron_axe":1,"minecraft:ladder":56,"minecraft:stone_pickaxe":4,"minecraft:copper_block":13,"minecraft:smoker":2,"biomesoplenty:fir_wood":9,"minecraft:cooked_beef":17,"minecraft:coal_block":10,"minecraft:bone_block":9,"minecraft:wooden_shovel":1,"biomesoplenty:fir_boat":3,"minecraft:cooked_porkchop":3,"minecraft:crafting_table":7,"minecraft:iron_helmet":1,"minecraft:wooden_pickaxe":2,"minecraft:cooked_salmon":3,"minecraft:copper_ingot":119,"minecraft:bucket":1,"minecraft:stone_axe":4,"minecraft:bread":1,"minecraft:air":0,"biomesoplenty:fir_planks":96,"minecraft:oak_boat":1,"minecraft:iron_chestplate":2,"minecraft:charcoal":6,"minecraft:shield":2,"minecraft:stick":184,"minecraft:iron_ingot":79,"minecraft:iron_pickaxe":4,"minecraft:wooden_axe":1,"minecraft:iron_leggings":1,"minecraft:gold_ingot":3,"minecraft:torch":196,"minecraft:shears":1},"minecraft:custom":{"minecraft:interact_with_anvil":1,"minecraft:mob_kills":69,"minecraft:interact_with_crafting_table":66,"minecraft:open_barrel":2,"minecraft:interact_with_campfire":1,"minecraft:damage_dealt_resisted":1000,"minecraft:leave_game":4,"minecraft:time_since_death":16317,"minecraft:climb_one_cm":14728,"minecraft:sprint_one_cm":637145,"minecraft:walk_one_cm":909437,"minecraft:damage_blocked_by_shield":250,"minecraft:drop":22,"minecraft:talked_to_villager":4,"minecraft:sneak_time":8501,"minecraft:play_time":292284,"minecraft:deaths":12,"minecraft:walk_under_water_one_cm":100033,"minecraft:boat_one_cm":6168,"minecraft:jump":4756,"minecraft:walk_on_water_one_cm":112317,"minecraft:total_world_time":292284,"minecraft:interact_with_furnace":129,"minecraft:sleep_in_bed":4,"minecraft:time_since_rest":15748,"minecraft:damage_taken":4488,"minecraft:damage_dealt":11307,"minecraft:swim_one_cm":71122,"minecraft:fly_one_cm":441864,"minecraft:open_chest":44,"minecraft:crouch_one_cm":18610,"minecraft:interact_with_smoker":19,"minecraft:fall_one_cm":72433},"minecraft:used":{"minecraft:beetroot":8,"minecraft:moss_block":15,"minecraft:stone_shovel":115,"minecraft:ladder":13,"minecraft:chest":1,"minecraft:shield":10,"minecraft:iron_sword":80,"minecraft:cooked_salmon":3,"minecraft:mossy_stone_brick_slab":1,"minecraft:torch":126,"minecraft:dirt":22,"naturalist:venison":2,"minecraft:tuff":1,"born_in_chaos_v1:corpse_maggot":4,"minecraft:wooden_axe":60,"alexsmobs:maggot":2,"minecraft:oak_stairs":3,"minecraft:iron_axe":135,"minecraft:smooth_basalt":2,"minecraft:sweet_berries":12,"minecraft:furnace":12,"minecraft:egg":1,"minecraft:cooked_beef":6,"minecraft:cobbled_deepslate":108,"minecraft:pumpkin":2,"minecraft:cooked_mutton":1,"minecraft:oak_planks":61,"minecraft:stone_pickaxe":528,"minecraft:wooden_pickaxe":81,"biomesoplenty:fir_boat":3,"biomesoplenty:fir_planks":25,"minecraft:glow_berries":27,"minecraft:mossy_cobblestone":3,"minecraft:sand":11,"minecraft:crafting_table":16,"minecraft:smoker":5,"minecraft:apple":5,"minecraft:bread":5,"minecraft:iron_pickaxe":561,"born_in_chaos_v1:smoked_monster_flesh":1,"minecraft:gravel":58,"biomesoplenty:toadstool":2,"minecraft:stone_axe":288,"minecraft:cobblestone":218,"minecraft:cooked_porkchop":2,"minecraft:oak_boat":2},"minecraft:picked_up":{"minecraft:charcoal":12,"minecraft:iron_chestplate":2,"minecraft:crafting_table":16,"born_in_chaos_v1:diamond_termite_shard":1,"minecraft:allium":2,"minecraft:ladder":105,"naturalist:venison":4,"born_in_chaos_v1:seedof_chaos":2,"minecraft:wooden_pickaxe":1,"spelunkers_charm:deepslate_rock":7,"minecraft:oak_stairs":3,"minecraft:enchanted_book":3,"minecraft:shield":1,"minecraft:string":15,"minecraft:raw_copper":277,"minecraft:iron_axe":1,"minecraft:iron_leggings":2,"minecraft:zombie_head":1,"minecraft:beetroot":7,"minecraft:gold_nugget":16,"minecraft:cobbled_deepslate":129,"biomesoplenty:fir_planks":19,"minecraft:bucket":2,"minecraft:beef":39,"minecraft:azalea_leaves":4,"minecraft:oak_boat":3,"minecraft:poppy":5,"minecraft:wooden_shovel":1,"minecraft:iron_pickaxe":3,"minecraft:iron_nugget":23,"alexsmobs:raccoon_tail":2,"born_in_chaos_v1:stimulating_decoction":1,"minecraft:coal_block":10,"minecraft:sugar_cane":12,"minecraft:chest":2,"minecraft:egg":1,"minecraft:furnace":13,"minecraft:iron_boots":2,"minecraft:stick":19,"minecraft:raw_iron":128,"minecraft:copper_ingot":4,"minecraft:oak_fence":2,"minecraft:torch":168,"minecraft:flowering_azalea_leaves":1,"minecraft:porkchop":3,"born_in_chaos_v1:pileof_dark_metal":2,"born_in_chaos_v1:pieceofdarkmetal":1,"minecraft:redstone":55,"immersive_weathering:permafrost":42,"minecraft:arrow":10,"minecraft:rotten_flesh":39,"minecraft:decorated_pot":2,"minecraft:shears":2,"biomesoplenty:white_petals":19,"supplementaries:ash":7,"minecraft:glow_berries":9,"minecraft:mutton":4,"minecraft:bone_block":18,"minecraft:white_wool":8,"minecraft:cobblestone":450,"born_in_chaos_v1:fused_bone":3,"born_in_chaos_v1:corpse_maggot":5,"minecraft:cooked_beef":15,"born_in_chaos_v1:monster_flesh":1,"born_in_chaos_v1:spiritual_dust":6,"minecraft:salmon":3,"minecraft:leather":12,"minecraft:copper_block":26,"minecraft:smoker":9,"alexsmobs:bison_fur":3,"biomesoplenty:fir_sapling":5,"biomesoplenty:fir_log":164,"paraglider:spirit_orb":2,"minecraft:flint":17,"minecraft:tuff":6,"minecraft:oak_log":38,"minecraft:gunpowder":9,"minecraft:blue_bed":2,"minecraft:dirt":33,"minecraft:paper":8,"minecraft:cooked_mutton":7,"minecraft:bone":52,"minecraft:stone_bricks":2,"minecraft:wheat_seeds":16,"biomesoplenty:fir_boat":2,"minecraft:raw_gold":28,"alexsmobs:cockroach_wing_fragment":3,"minecraft:stone_pickaxe":6,"minecraft:iron_ingot":39,"minecraft:moss_block":25,"minecraft:oak_planks":111,"minecraft:iron_sword":2,"immersive_weathering:tallow":10,"minecraft:book":7,"biomesoplenty:toadstool":54,"minecraft:smooth_basalt":7,"minecraft:cooked_porkchop":4,"minecraft:pumpkin":2,"minecraft:sweet_berries":10,"minecraft:amethyst_shard":2,"minecraft:gravel":118,"minecraft:sand":38,"born_in_chaos_v1:dark_rod":3,"minecraft:mossy_stone_brick_slab":2,"alexsmobs:animal_dictionary":2,"minecraft:spider_eye":3,"minecraft:mossy_cobblestone":4,"quark:jasper":1,"naturalist:antler":2,"minecraft:slime_ball":2,"minecraft:deepslate":1,"minecraft:diamond":22,"minecraft:stone_axe":6,"minecraft:iron_helmet":1,"minecraft:emerald":15,"minecraft:bread":2,"alexsmobs:maggot":2,"born_in_chaos_v1:rotten_fish":3,"spelunkers_charm:rock":2,"minecraft:coal":318}},"DataVersion":3465}