{"stats":{"minecraft:killed_by":{"born_in_chaos_v1:corpse_fly":1,"alexsmobs:tiger":1},"minecraft:dropped":{"minecraft:bread":8,"minecraft:cooked_beef":1,"born_in_chaos_v1:ethereal_spirit":1},"minecraft:used":{"born_in_chaos_v1:ethereal_spirit":4,"minecraft:stone_pickaxe":97,"minecraft:shield":13,"minecraft:wooden_pickaxe":3,"minecraft:iron_sword":86,"biomesoplenty:fir_planks":5,"minecraft:rotten_flesh":2,"minecraft:torch":25,"minecraft:glow_berries":2,"minecraft:dirt":16,"minecraft:crafting_table":5,"biomesoplenty:dead_boat":2,"minecraft:snowball":6,"born_in_chaos_v1:corpse_maggot":4,"minecraft:iron_axe":35,"minecraft:bread":7,"minecraft:iron_pickaxe":125,"minecraft:gravel":2,"minecraft:cobblestone":97,"minecraft:sweet_berries":22,"minecraft:furnace":3,"minecraft:cooked_beef":3,"alexsmobs:animal_dictionary":1},"minecraft:mined":{"minecraft:glass_pane":2,"immersive_weathering:icicle":2,"immersive_weathering:grassy_permafrost":1,"minecraft:powder_snow":28,"minecraft:crafting_table":5,"minecraft:grass_block":2,"spelunkers_charm:dead_grass":6,"spelunkers_charm:rock_pile_2":1,"minecraft:cobblestone":5,"minecraft:spawner":1,"minecraft:hay_block":5,"spelunkers_charm:rock_pile_3":2,"minecraft:furnace":3,"minecraft:iron_ore":51,"minecraft:ice":1,"minecraft:stripped_spruce_log":2,"biomesoplenty:fir_log":8,"biomesoplenty:hanging_cobweb":2,"minecraft:grass":2,"biomesoplenty:dead_log":7,"minecraft:coal_ore":31,"biomesoplenty:webbing":70,"minecraft:gravel":2,"minecraft:dirt":6,"minecraft:packed_ice":1,"minecraft:stone":106,"biomesoplenty:spider_egg":2,"spelunkers_charm:rock_pile_1":2,"immersive_weathering:frosty_grass":2},"minecraft:killed":{"born_in_chaos_v1:spiritof_chaos":1,"minecraft:cave_spider":4,"minecraft:zombie_villager":1,"minecraft:spider":2,"born_in_chaos_v1:baby_skeleton_minion":2,"born_in_chaos_v1:decrepit_skeleton":3,"born_in_chaos_v1:maggot":2,"minecraft:skeleton":1,"minecraft:zombie":4,"born_in_chaos_v1:dread_hound":1,"born_in_chaos_v1:corpse_fly":3,"born_in_chaos_v1:siamese_skeletonsleft":2,"minecraft:enderman":1,"minecraft:cow":3},"minecraft:custom":{"minecraft:interact_with_furnace":22,"minecraft:mob_kills":30,"minecraft:interact_with_crafting_table":14,"minecraft:damage_dealt_resisted":282,"minecraft:leave_game":2,"minecraft:time_since_death":37731,"minecraft:time_since_rest":37761,"minecraft:sprint_one_cm":164475,"minecraft:damage_taken":1529,"minecraft:walk_one_cm":148910,"minecraft:damage_blocked_by_shield":320,"minecraft:drop":10,"minecraft:damage_dealt":5876,"minecraft:talked_to_villager":2,"minecraft:swim_one_cm":7933,"minecraft:fly_one_cm":158884,"minecraft:open_chest":3,"minecraft:crouch_one_cm":520,"minecraft:play_time":54195,"minecraft:deaths":2,"minecraft:sneak_time":152,"minecraft:walk_under_water_one_cm":3198,"minecraft:jump":1112,"minecraft:walk_on_water_one_cm":7843,"minecraft:total_world_time":54195,"minecraft:interact_with_smoker":1,"minecraft:fall_one_cm":30301},"minecraft:picked_up":{"born_in_chaos_v1:fused_bone":3,"born_in_chaos_v1:corpse_maggot":5,"minecraft:iron_chestplate":1,"minecraft:crafting_table":6,"born_in_chaos_v1:monster_flesh":2,"biomesoplenty:dead_boat":2,"born_in_chaos_v1:seedof_chaos":1,"minecraft:leather":4,"minecraft:wooden_pickaxe":1,"biomesoplenty:dead_log":7,"biomesoplenty:fir_log":8,"paraglider:spirit_orb":2,"minecraft:dirt":26,"minecraft:string":7,"born_in_chaos_v1:monster_skin":2,"minecraft:bone":3,"minecraft:spruce_planks":8,"minecraft:beef":4,"minecraft:stone_pickaxe":2,"minecraft:iron_ingot":2,"minecraft:furnace":3,"minecraft:iron_sword":1,"minecraft:iron_boots":1,"biomesoplenty:toadstool":1,"minecraft:stick":7,"minecraft:raw_iron":50,"minecraft:sweet_berries":20,"minecraft:torch":1,"born_in_chaos_v1:ethereal_spirit":3,"minecraft:gravel":3,"biomesoplenty:dead_planks":36,"minecraft:stripped_spruce_log":2,"minecraft:cherry_log":3,"minecraft:spruce_log":2,"minecraft:spider_eye":2,"immersive_weathering:permafrost":1,"alexsmobs:animal_dictionary":2,"minecraft:rotten_flesh":25,"minecraft:hay_block":5,"minecraft:iron_helmet":1,"biomesoplenty:white_petals":36,"supplementaries:ash":2,"minecraft:glow_berries":1,"spelunkers_charm:rock":9,"minecraft:coal":33,"minecraft:snowball":8,"minecraft:cobblestone":117},"minecraft:crafted":{"minecraft:cooked_beef":4,"biomesoplenty:dead_planks":28,"minecraft:crafting_table":1,"minecraft:spruce_planks":12,"minecraft:wooden_pickaxe":1,"minecraft:iron_helmet":1,"minecraft:iron_sword":1,"minecraft:furnace":1,"biomesoplenty:dead_boat":1,"minecraft:bread":15,"minecraft:air":0,"biomesoplenty:fir_planks":32,"minecraft:iron_chestplate":1,"minecraft:iron_boots":1,"minecraft:charcoal":3,"minecraft:shield":1,"minecraft:iron_axe":1,"minecraft:stick":16,"minecraft:iron_ingot":27,"minecraft:iron_pickaxe":1,"minecraft:stone_pickaxe":1,"minecraft:torch":44,"minecraft:wheat":45}},"DataVersion":3465}