{"stats":{"minecraft:killed":{"born_in_chaos_v1:zombie_lumberjack":1,"born_in_chaos_v1:pumpkin_spirit":1,"minecraft:spider":3,"alexsmobs:seagull":1,"born_in_chaos_v1:thornshell_crab":1,"born_in_chaos_v1:siamese_skeletonsright":1,"born_in_chaos_v1:maggot":2,"minecraft:skeleton":5,"born_in_chaos_v1:corpse_fish":3,"born_in_chaos_v1:barrel_zombie":1,"born_in_chaos_v1:baby_skeleton":1,"born_in_chaos_v1:glutton_fish":1,"born_in_chaos_v1:decrepit_skeleton":2,"minecraft:zombie":9,"born_in_chaos_v1:dread_hound":1,"born_in_chaos_v1:nightmare_stalker":1,"born_in_chaos_v1:siamese_skeletonsleft":1},"minecraft:crafted":{"minecraft:oak_planks":20,"minecraft:furnace":2,"minecraft:iron_boots":1,"minecraft:stone_pickaxe":1,"minecraft:spruce_boat":2,"quark:spruce_chest":4,"minecraft:wheat":27,"supplementaries:rope_arrow":1,"biomesoplenty:fir_boat":2,"minecraft:crafting_table":9,"minecraft:wooden_pickaxe":1,"minecraft:iron_helmet":1,"minecraft:iron_sword":2,"minecraft:bread":29,"minecraft:air":0,"biomesoplenty:fir_planks":68,"minecraft:iron_chestplate":1,"minecraft:stick":36,"quark:oak_chest":1,"minecraft:iron_ingot":42,"minecraft:iron_pickaxe":1,"minecraft:wooden_axe":1,"minecraft:iron_shovel":1,"minecraft:iron_leggings":1,"minecraft:torch":76},"minecraft:custom":{"minecraft:mob_kills":36,"minecraft:interact_with_crafting_table":29,"minecraft:open_barrel":2,"minecraft:bell_ring":7,"minecraft:damage_dealt_resisted":628,"minecraft:eat_cake_slice":4,"minecraft:leave_game":3,"minecraft:time_since_death":31323,"minecraft:climb_one_cm":2570,"minecraft:sprint_one_cm":355757,"minecraft:walk_one_cm":468191,"minecraft:damage_blocked_by_shield":30,"minecraft:drop":46,"minecraft:talked_to_villager":3,"minecraft:play_time":166155,"minecraft:deaths":1,"minecraft:sneak_time":6689,"minecraft:walk_under_water_one_cm":17094,"minecraft:jump":2070,"minecraft:walk_on_water_one_cm":25185,"minecraft:total_world_time":166155,"minecraft:interact_with_furnace":28,"minecraft:play_record":1,"minecraft:sleep_in_bed":1,"minecraft:time_since_rest":1711,"minecraft:damage_taken":3566,"minecraft:damage_dealt":9582,"minecraft:swim_one_cm":33433,"minecraft:fly_one_cm":318635,"minecraft:open_chest":99,"minecraft:crouch_one_cm":23030,"minecraft:interact_with_smoker":1,"minecraft:fall_one_cm":35851},"minecraft:killed_by":{"minecraft:zombie":1},"minecraft:mined":{"minecraft:spruce_planks":5,"minecraft:mossy_cobblestone":10,"minecraft:mossy_stone_brick_slab":1,"minecraft:glow_lichen":1,"minecraft:grass_block":2,"blue_skies:scalefruits":1,"minecraft:hay_block":2,"minecraft:furnace":2,"biomesoplenty:toadstool":1,"minecraft:iron_ore":42,"minecraft:andesite":3,"minecraft:mossy_stone_brick_stairs":1,"minecraft:bookshelf":1,"minecraft:iron_bars":11,"immersive_weathering:grassy_sandy_dirt":1,"minecraft:packed_ice":1,"minecraft:stone":64,"spelunkers_charm:rock_pile_1":1,"immersive_weathering:icicle":3,"minecraft:stone_brick_slab":1,"minecraft:crafting_table":1,"minecraft:tall_grass":4,"minecraft:cobblestone":38,"minecraft:sugar_cane":3,"minecraft:oak_planks":3,"minecraft:wall_torch":1,"supplementaries:urn":1,"minecraft:spruce_stairs":1,"spelunkers_charm:rock_pile_3":1,"minecraft:ice":3,"minecraft:wheat":35,"minecraft:spruce_log":2,"minecraft:jukebox":1,"biomesoplenty:fir_log":19,"minecraft:grass":18,"minecraft:coal_ore":17,"minecraft:oak_log":3,"biomesoplenty:fir_leaves":1,"minecraft:light_blue_candle":2,"minecraft:gravel":27,"minecraft:sand":2,"minecraft:dirt":2,"minecraft:cobweb":4,"minecraft:stone_bricks":1,"minecraft:mossy_stone_bricks":4,"minecraft:fern":4},"minecraft:used":{"minecraft:iron_bars":1,"minecraft:iron_shovel":11,"minecraft:spruce_planks":1,"minecraft:shield":1,"minecraft:iron_sword":325,"minecraft:torch":113,"minecraft:dirt":2,"minecraft:carrot":2,"minecraft:spruce_boat":3,"minecraft:wooden_axe":28,"quark:spruce_chest":4,"minecraft:furnace":2,"minecraft:cooked_beef":10,"minecraft:stone_pickaxe":91,"minecraft:oak_planks":8,"minecraft:wooden_pickaxe":18,"biomesoplenty:fir_planks":3,"biomesoplenty:fir_boat":4,"minecraft:glow_berries":8,"minecraft:mossy_cobblestone":5,"minecraft:music_disc_cat":1,"minecraft:crafting_table":9,"minecraft:light_blue_candle":5,"minecraft:bread":56,"minecraft:iron_pickaxe":119,"minecraft:gravel":9,"minecraft:cobblestone":81,"quark:oak_chest":1,"alexsmobs:animal_dictionary":12,"minecraft:jukebox":1},"minecraft:dropped":{"minecraft:wheat_seeds":4,"minecraft:mossy_cobblestone":5,"minecraft:glass_bottle":1,"minecraft:glow_berries":1,"minecraft:cobblestone":32,"minecraft:apple":1,"minecraft:mossy_stone_brick_stairs":1,"minecraft:cracked_stone_bricks":2,"born_in_chaos_v1:sea_terror_eye":2,"minecraft:spruce_stairs":3,"minecraft:rail":20,"minecraft:cod":1,"minecraft:dirt":2,"minecraft:wooden_axe":2,"minecraft:fermented_spider_eye":1,"minecraft:stone_brick_slab":1,"minecraft:gravel":12,"biomesoplenty:toadstool":1,"minecraft:moss_carpet":1,"minecraft:sugar_cane":3,"minecraft:wheat":1,"born_in_chaos_v1:rotten_fish":4,"minecraft:rotten_flesh":4,"minecraft:suspicious_stew":1,"minecraft:filled_map":1,"supplementaries:ash":1,"biomesoplenty:fir_planks":11,"minecraft:gunpowder":6,"minecraft:spruce_planks":5,"minecraft:andesite":3,"minecraft:leather_boots":2,"minecraft:mossy_stone_bricks":1,"minecraft:carved_pumpkin":1,"quark:smithing_template_rune":1,"minecraft:stone_brick_stairs":1},"minecraft:picked_up":{"minecraft:wooden_axe":1,"minecraft:crafting_table":2,"minecraft:iron_chestplate":1,"minecraft:wheat":36,"born_in_chaos_v1:seedof_chaos":1,"minecraft:enchanted_book":2,"minecraft:potion":1,"minecraft:stone_brick_stairs":2,"blue_skies:scalefruit":2,"minecraft:shield":2,"minecraft:music_disc_cat":2,"minecraft:string":5,"minecraft:moss_carpet":1,"minecraft:iron_leggings":1,"minecraft:cracked_stone_bricks":8,"minecraft:spruce_planks":117,"minecraft:iron_pickaxe":1,"minecraft:sugar_cane":3,"supplementaries:rope":20,"minecraft:iron_boots":1,"minecraft:furnace":2,"minecraft:stick":6,"minecraft:raw_iron":42,"minecraft:jukebox":1,"minecraft:torch":84,"minecraft:bowl":1,"minecraft:spruce_stairs":3,"minecraft:pink_carpet":3,"born_in_chaos_v1:nightmare_claw":1,"born_in_chaos_v1:pieceofdarkmetal":5,"minecraft:arrow":2,"minecraft:rotten_flesh":15,"born_in_chaos_v1:sea_terror_eye":4,"blue_skies:scalefruit_seeds":3,"minecraft:hay_block":4,"minecraft:carved_pumpkin":1,"born_in_chaos_v1:spiny_shell":4,"supplementaries:ash":2,"minecraft:glow_berries":5,"minecraft:iron_bars":13,"minecraft:cod":1,"minecraft:rail":34,"minecraft:cobblestone":152,"born_in_chaos_v1:fused_bone":2,"born_in_chaos_v1:corpse_maggot":2,"minecraft:feather":4,"minecraft:clock":1,"minecraft:cooked_beef":1,"minecraft:andesite":3,"biomesoplenty:fir_log":17,"spelunkers_charm:old_miners_bundle":2,"paraglider:spirit_orb":2,"quark:smithing_template_rune":1,"minecraft:flint":2,"minecraft:oak_log":5,"minecraft:gunpowder":3,"minecraft:lapis_lazuli":9,"minecraft:dirt":4,"minecraft:paper":4,"born_in_chaos_v1:monster_skin":2,"minecraft:leather_boots":1,"minecraft:bone":24,"minecraft:apple":2,"minecraft:stone_bricks":29,"minecraft:bow":1,"minecraft:wheat_seeds":67,"biomesoplenty:fir_boat":2,"minecraft:iron_ingot":2,"minecraft:cobweb":6,"minecraft:mossy_stone_bricks":1,"minecraft:glass_bottle":1,"minecraft:powered_rail":4,"minecraft:mossy_stone_brick_stairs":1,"minecraft:iron_sword":2,"minecraft:oak_planks":3,"minecraft:book":4,"biomesoplenty:toadstool":1,"minecraft:music_disc_13":1,"minecraft:stone_brick_slab":1,"born_in_chaos_v1:ethereal_spirit":1,"minecraft:gravel":24,"minecraft:sand":1,"minecraft:spruce_log":1,"minecraft:fermented_spider_eye":1,"minecraft:mossy_stone_brick_slab":1,"minecraft:spider_eye":1,"minecraft:mossy_cobblestone":10,"minecraft:pumpkin_seeds":6,"minecraft:slime_ball":2,"minecraft:spruce_boat":2,"minecraft:chainmail_leggings":2,"minecraft:iron_helmet":1,"minecraft:golden_apple":1,"minecraft:bread":6,"born_in_chaos_v1:sea_terror_stomach":1,"minecraft:baked_potato":2,"born_in_chaos_v1:rotten_fish":5,"minecraft:melon_seeds":13,"minecraft:netherite_hoe":1,"spelunkers_charm:rock":3,"minecraft:coal":17,"minecraft:light_blue_candle":5}},"DataVersion":3465}