{
  "takesapillage:root": {
    "criteria": {
      "always": "2024-09-09 22:47:46 +0000"
    },
    "done": true
  },
  "betterdungeons:root": {
    "criteria": {
      "always": "2024-09-09 22:47:46 +0000"
    },
    "done": true
  },
  "born_in_chaos_v1:bornin_chaos": {
    "criteria": {
      "bornin_chaos_0": "2024-09-09 22:47:46 +0000"
    },
    "done": true
  },
  "incendium:technical/new_player": {
    "criteria": {
      "requirement": "2024-09-09 22:47:46 +0000"
    },
    "done": true
  },
  "repurposed_structures:root": {
    "criteria": {
      "always": "2024-09-09 22:47:46 +0000"
    },
    "done": true
  },
  "incendium:technical/using/trailblazer": {
    "criteria": {
      "log_spam_fixer": "2024-09-09 22:47:47 +0000"
    },
    "done": false
  },
  "incendium:technical/scroll_of_returning": {
    "criteria": {
      "log_spam_fixer": "2024-09-09 22:47:47 +0000"
    },
    "done": false
  },
  "biomesoplenty:biomesoplenty/all_biomes": {
    "criteria": {
      "muskeg": "2024-09-09 23:08:18 +0000",
      "shrubland": "2024-09-10 01:37:29 +0000",
      "snowblossom_grove": "2024-09-09 22:47:47 +0000",
      "clover_patch": "2024-09-10 01:18:08 +0000",
      "cold_desert": "2024-09-09 23:19:30 +0000",
      "lavender_forest": "2024-09-10 01:05:28 +0000",
      "coniferous_forest": "2024-09-09 23:29:49 +0000",
      "seasonal_orchard": "2024-09-10 01:05:32 +0000",
      "seasonal_forest": "2024-09-10 01:00:00 +0000",
      "grassland": "2024-09-10 01:19:31 +0000",
      "snowy_fir_clearing": "2024-09-09 23:10:34 +0000",
      "tundra": "2024-09-09 23:09:05 +0000",
      "crag": "2024-09-09 23:39:14 +0000"
    },
    "done": false
  },
  "incendium:technical/using/ragnarok": {
    "criteria": {
      "log_spam_fixer": "2024-09-09 22:47:47 +0000"
    },
    "done": false
  },
  "incendium:technical/using/shield": {
    "criteria": {
      "log_spam_fixer": "2024-09-09 22:47:47 +0000"
    },
    "done": false
  },
  "biomesoplenty:biomesoplenty/root": {
    "criteria": {
      "snowblossom_grove": "2024-09-09 22:47:47 +0000"
    },
    "done": true
  },
  "immersive_weathering:immersive_weathering/dirts": {
    "criteria": {
      "dirt": "2024-09-09 22:49:20 +0000"
    },
    "done": false
  },
  "nova_structures:root": {
    "criteria": {
      "nova_structures:adventure/find_tavern": "2024-09-09 23:11:59 +0000"
    },
    "done": true
  },
  "nova_structures:adventure/find_tavern": {
    "criteria": {
      "nova_structures:tavern_snowy": "2024-09-09 23:11:59 +0000"
    },
    "done": true
  },
  "minecraft:husbandry/balanced_diet": {
    "criteria": {
      "cooked_beef": "2024-09-09 23:51:04 +0000",
      "bread": "2024-09-09 23:13:31 +0000",
      "golden_apple": "2024-09-10 01:45:44 +0000",
      "glow_berries": "2024-09-09 23:13:20 +0000",
      "carrot": "2024-09-09 23:12:56 +0000"
    },
    "done": false
  },
  "minecraft:husbandry/root": {
    "criteria": {
      "consumed_item": "2024-09-09 23:12:56 +0000"
    },
    "done": true
  },
  "alexsmobs:alexsmobs/root": {
    "criteria": {
      "useitem": "2024-09-09 23:18:20 +0000"
    },
    "done": true
  },
  "paraglider:root": {
    "criteria": {
      "crafting_table": "2024-09-09 23:19:56 +0000"
    },
    "done": true
  },
  "minecraft:story/root": {
    "criteria": {
      "crafting_table": "2024-09-09 23:19:56 +0000"
    },
    "done": true
  },
  "minecraft:adventure/adventuring_time": {
    "criteria": {
      "minecraft:deep_ocean": "2024-09-10 02:00:42 +0000",
      "minecraft:frozen_river": "2024-09-09 23:25:05 +0000",
      "minecraft:birch_forest": "2024-09-10 01:13:40 +0000",
      "minecraft:beach": "2024-09-10 00:57:58 +0000",
      "minecraft:river": "2024-09-09 23:48:44 +0000",
      "minecraft:stony_shore": "2024-09-09 23:26:24 +0000",
      "minecraft:cold_ocean": "2024-09-09 23:29:07 +0000",
      "minecraft:forest": "2024-09-10 01:09:48 +0000",
      "minecraft:frozen_ocean": "2024-09-09 23:25:15 +0000",
      "minecraft:ocean": "2024-09-10 01:12:10 +0000",
      "minecraft:old_growth_birch_forest": "2024-09-10 01:13:24 +0000",
      "minecraft:windswept_gravelly_hills": "2024-09-10 01:09:43 +0000",
      "minecraft:plains": "2024-09-10 00:42:54 +0000"
    },
    "done": false
  },
  "minecraft:story/mine_stone": {
    "criteria": {
      "get_stone": "2024-09-09 23:27:04 +0000"
    },
    "done": true
  },
  "minecraft:story/upgrade_tools": {
    "criteria": {
      "stone_pickaxe": "2024-09-09 23:32:59 +0000"
    },
    "done": true
  },
  "minecraft:story/smelt_iron": {
    "criteria": {
      "iron": "2024-09-09 23:33:32 +0000"
    },
    "done": true
  },
  "minecraft:story/iron_tools": {
    "criteria": {
      "iron_pickaxe": "2024-09-09 23:34:00 +0000"
    },
    "done": true
  },
  "minecraft:adventure/root": {
    "criteria": {
      "killed_something": "2024-09-09 23:50:01 +0000"
    },
    "done": true
  },
  "minecraft:adventure/kill_all_mobs": {
    "criteria": {
      "minecraft:spider": "2024-09-09 23:51:14 +0000",
      "minecraft:creeper": "2024-09-10 00:57:35 +0000",
      "minecraft:cave_spider": "2024-09-10 01:28:14 +0000",
      "minecraft:stray": "2024-09-10 01:28:10 +0000",
      "minecraft:zombie": "2024-09-10 00:46:12 +0000"
    },
    "done": false
  },
  "minecraft:adventure/kill_a_mob": {
    "criteria": {
      "minecraft:spider": "2024-09-09 23:51:14 +0000"
    },
    "done": true
  },
  "minecraft:story/obtain_armor": {
    "criteria": {
      "iron_leggings": "2024-09-10 00:43:33 +0000"
    },
    "done": true
  },
  "born_in_chaos_v1:the_wind_darkening": {
    "criteria": {
      "the_wind_darkening_0": "2024-09-10 00:54:59 +0000"
    },
    "done": true
  },
  "alexsmobs:alexsmobs/seagull_steal": {
    "criteria": {
      "ex": "2024-09-10 01:03:37 +0000"
    },
    "done": true
  },
  "alexsmobs:alexsmobs/orcas_might": {
    "criteria": {
      "all_effects": "2024-09-10 01:08:20 +0000"
    },
    "done": true
  },
  "immersive_weathering:immersive_weathering/bark_off": {
    "criteria": {
      "wax_off": "2024-09-10 01:41:41 +0000"
    },
    "done": true
  },
  "minecraft:story/deflect_arrow": {
    "criteria": {
      "deflected_projectile": "2024-09-10 01:41:56 +0000"
    },
    "done": true
  },
  "born_in_chaos_v1:pieceof_chaos": {
    "criteria": {
      "pieceof_chaos_0": "2024-09-10 01:51:06 +0000"
    },
    "done": true
  },
  "born_in_chaos_v1:dismantledto_bones": {
    "criteria": {
      "dismantledto_bones_0": "2024-09-10 02:05:44 +0000"
    },
    "done": true
  },
  "incendium:technical/sentrys_wrath": {
    "criteria": {
      "log_spam_fixer": "2024-09-10 21:33:15 +0000"
    },
    "done": false
  },
  "incendium:technical/inventory/sentrys_wrath": {
    "criteria": {
      "log_spam_fixer": "2024-09-10 21:33:15 +0000"
    },
    "done": false
  },
  "incendium:technical/multiplex_crossbow": {
    "criteria": {
      "log_spam_fixer": "2024-09-10 21:33:15 +0000"
    },
    "done": false
  },
  "incendium:technical/firestorm": {
    "criteria": {
      "log_spam_fixer": "2024-09-10 21:33:15 +0000"
    },
    "done": false
  },
  "incendium:technical/holy_wrath": {
    "criteria": {
      "log_spam_fixer": "2024-09-10 21:33:15 +0000"
    },
    "done": false
  },
  "incendium:technical/on_block": {
    "criteria": {
      "log_spam_fixer": "2024-09-10 21:33:15 +0000"
    },
    "done": false
  },
  "incendium:technical/inventory/firestorm": {
    "criteria": {
      "log_spam_fixer": "2024-09-10 21:33:15 +0000"
    },
    "done": false
  },
  "incendium:technical/feed_ghastling": {
    "criteria": {
      "log_spam_fixer": "2024-09-10 21:33:15 +0000"
    },
    "done": false
  },
  "incendium:technical/on_inventory_change": {
    "criteria": {
      "log_spam_fixer": "2024-09-10 21:33:15 +0000"
    },
    "done": false
  },
  "incendium:technical/give_ghastling": {
    "criteria": {
      "log_spam_fixer": "2024-09-10 21:33:15 +0000"
    },
    "done": false
  },
  "incendium:technical/on_kill": {
    "criteria": {
      "log_spam_fixer": "2024-09-10 21:33:15 +0000"
    },
    "done": false
  },
  "incendium:technical/on_player_hurt": {
    "criteria": {
      "log_spam_fixer": "2024-09-10 21:33:15 +0000"
    },
    "done": false
  },
  "endofherobrine:story/root": {
    "criteria": {
      "requirement": "2024-09-10 21:29:53 +0000"
    },
    "done": true
  },
  "DataVersion": 3465
}